Date,cumulative_strategy,cumulative_benchmark
2023-06-29,1.0,1.012269004495714
2023-06-30,1.0,1.013454045348526
2023-07-03,1.0,1.011459245090105
2023-07-05,1.0,1.00344594775447
2023-07-06,1.0028651005386202,1.0005709742290823
2023-07-07,1.0028651005386202,1.0029773734941125
2023-07-10,1.0028651005386202,1.0097396586304905
2023-07-11,1.0028651005386202,1.0172230749999809
2023-07-12,1.0113595218379243,1.0258391105463196
2023-07-13,1.0113595218379243,1.0247882336438543
2023-07-14,1.0113595218379243,1.028739184280961
2023-07-17,1.0113595218379243,1.0360610041705225
2023-07-18,1.0113595218379243,1.038503943120705
2023-07-19,1.0113595218379243,1.0314868797541161
2023-07-20,1.0113595218379243,1.0318211790012541
2023-07-21,1.0113595218379243,1.0359837044110511
2023-07-24,1.0113595218379243,1.0388996601365033
2023-07-25,1.0113595218379243,1.0387381747194473
2023-07-26,1.0113595218379243,1.0320646288184392
2023-07-27,1.0113595218379243,1.0422592009759322
2023-07-28,1.0128449186551651,1.0437899805517807
2023-07-31,1.0128449186551651,1.0410081887766751
2023-08-01,1.0128449186551651,1.0266011129166237
2023-08-02,1.0154256210123078,1.023985360136359
2023-08-03,1.0208074521026111,1.0185581617939503
2023-08-04,1.0208074521026111,1.0277497251471561
2023-08-07,1.0208074521026111,1.023414385907277
2023-08-08,1.0208074521026111,1.0162108479772514
2023-08-09,1.0208074521026111,1.0164656262074623
2023-08-10,1.0208074521026111,1.0153783206827176
2023-08-11,1.0208074521026111,1.0212172290946087
2023-08-14,1.0090161976790872,1.0094212413741641
2023-08-15,1.016639713826427,1.0017946649616305
2023-08-16,1.0244809675210351,0.9940679098378283
2023-08-17,1.0246333148340134,0.9939200851541271
2023-08-18,1.0246333148340134,1.0007574487925202
2023-08-21,1.0217874298928116,0.9979778782748705
2023-08-22,1.010501910378906,1.0090004241491124
2023-08-23,0.9969026012719658,0.9954213220058099
2023-08-24,0.9902054434538008,1.0021085286401727
2023-08-25,0.9902054434538008,1.0083863575253824
2023-08-28,1.0045716482131404,1.0230163365711502
2023-08-29,1.0084223542767625,1.026937744484091
2023-08-30,1.0084223542767625,1.0252977901042766
2023-08-31,1.0084223542767625,1.0271424333586676
2023-09-01,1.0084223542767625,1.0228344155854983
2023-09-05,1.0154526709078289,1.0157036238371588
2023-09-06,1.0187135594797243,1.01244192938867
2023-09-07,1.0187135594797243,1.0138863020494775
2023-09-08,1.025562832325613,1.020703119056402
2023-09-11,1.025562832325613,1.0148893108537647
2023-09-12,1.025562832325613,1.0161494302085916
2023-09-13,1.025562832325613,1.024715487462169
2023-09-14,1.0130923852402394,1.0122553437623603
2023-09-15,1.01236165416671,1.0129854710881696
2023-09-18,1.01236165416671,1.0108065285866406
2023-09-19,1.002850724204884,1.0013102087104624
2023-09-20,1.002850724204884,0.9848877859605212
2023-09-21,1.0051528668002216,0.9826268790588634
2023-09-22,1.0051528668002216,0.986580050953426
2023-09-25,0.9903424077183351,0.9720432536579403
2023-09-26,0.9901153082792931,0.9722661568436566
2023-09-27,0.9901153082792931,0.9779958904515819
2023-09-28,0.9874325095767645,0.9753459303064937
2023-09-29,0.9874325095767645,0.9754233411288376
2023-10-02,0.9874325095767645,0.9620170528156171
2023-10-03,0.9794246738873628,0.9698187753785616
2023-10-04,0.9794246738873628,0.9685541024459499
2023-10-05,0.9794246738873628,0.9799974655452437
2023-10-06,0.9855988243290215,0.9861752267820577
2023-10-09,0.990731813920278,0.9913112182719761
2023-10-10,0.9949850336927408,0.995566925432055
2023-10-11,0.9887699250044087,0.9893481819951768
2023-10-12,0.993732421731463,0.9843827830778843
2023-10-13,0.993732421731463,0.9948116978969923
2023-10-16,0.993732421731463,0.9947139625689254
2023-10-17,0.993732421731463,0.9813849740151761
2023-10-18,1.0021621030127736,0.973060034258455
2023-10-19,1.0147745974116467,0.9608137976516657
2023-10-20,1.0164850709224054,0.9591942788404474
2023-10-23,1.0164850709224054,0.9661635851717308
2023-10-24,1.001909052499764,0.9523091581667489
2023-10-25,1.0137641611793344,0.9410409412178659
2023-10-26,1.0137641611793344,0.936523680992335
2023-10-27,1.025939491388255,0.9477713513097494
2023-10-30,1.0325824057947985,0.9539081303464989
2023-10-31,1.0434307160196554,0.9639298886739099
2023-11-01,1.0631083136742647,0.9821082154428722
2023-11-02,1.0730948664026758,0.9913338750980285
2023-11-03,1.074975993571605,0.9930716758687825
2023-11-06,1.078029053228725,0.9958921175236238
2023-11-07,1.079112381465398,0.9968929050704548
2023-11-08,1.079112381465398,0.9888341830198432
2023-11-09,1.079112381465398,1.004276253791549
2023-11-10,1.0782104173236275,1.0034368405989014
2023-11-13,1.0987773001223484,1.0225774160978318
2023-11-14,1.1005320607389923,1.0242104845795323
2023-11-15,1.101842164251609,1.0254297327971675
2023-11-16,1.1032547799629264,1.0267443840225408
2023-11-17,1.1032547799629264,1.034332310555339
2023-11-20,1.1010251780723201,1.0322419962263072
2023-11-21,1.1010251780723201,1.03643406436027
2023-11-22,1.1010251780723201,1.037052684561785
2023-11-24,1.1010251780723201,1.0350261203217421
2023-11-27,1.1010251780723201,1.0360405686019278
2023-11-28,1.1010251780723201,1.0350602166236926
2023-11-29,1.1010251780723201,1.038976959895976
2023-11-30,1.1074923160399162,1.0450796426307747
2023-12-01,1.1015024337405628,1.0394273198451933
2023-12-04,1.1015024337405628,1.0388360211103882
2023-12-05,1.1015024337405628,1.034778116926772
2023-12-06,1.1015024337405628,1.0430234246036931
2023-12-07,1.1060136346116818,1.0472951248174558
2023-12-08,1.1103541788017264,1.0514052285512896
2023-12-11,1.1103541788017264,1.0562410170960206
2023-12-12,1.1103541788017264,1.070659421369098
2023-12-13,1.1132933556931615,1.073493523757294
2023-12-14,1.1132084676388865,1.0734116704200378
2023-12-15,1.1132084676388865,1.0782724481111496
2023-12-18,1.1132084676388865,1.0845980340316648
2023-12-19,1.1132084676388865,1.0686715070087907
2023-12-20,1.1017407864312143,1.0796803921496778
2023-12-21,1.1035697406181486,1.0814727247909786
2023-12-22,1.1035697406181486,1.0860491815277138
2023-12-26,1.1035697406181486,1.087602728992487
2023-12-27,1.1035697406181486,1.0880053319063991
2023-12-28,1.1035697406181486,1.084930112021347
2023-12-29,1.1035697406181486,1.0787887794068125
2024-01-02,1.11241630319814,1.070140868815979
2024-01-03,1.11241630319814,1.066472017875793
2024-01-04,1.11241630319814,1.0684190610989086
2024-01-05,1.11241630319814,1.083499400093894
2024-01-08,1.1107722623873026,1.0818980955938153
2024-01-09,1.1107722623873026,1.0880280997953238
2024-01-10,1.1107722623873026,1.0872979724695147
2024-01-11,1.109938099527635,1.088114506710365
2024-01-12,1.1140796562186965,1.0840543812692927
2024-01-16,1.1203373271024524,1.0779653592678486
2024-01-17,1.1104724645697215,1.087457125566242
2024-01-18,1.0967986588068568,1.1008475318886515
2024-01-19,1.0943919258676293,1.1032631493721246
2024-01-22,1.091194797462894,1.106486193940878
2024-01-23,1.0903088254040438,1.1073845815189844
2024-01-24,1.0845734024443345,1.1132098291975205
2024-01-25,1.0852803113917575,1.1124842554494963
2024-01-26,1.077079092379313,1.1208910485434735
2024-01-29,1.077726039865645,1.1202177854085398
2024-01-30,1.0950836202249898,1.10217584384738
2024-01-31,1.081401986908258,1.1159460851947771
2024-02-01,1.0698478056910197,1.1278693509674542
2024-02-02,1.0732567019021206,1.1242755785292833
2024-02-05,1.0707770379979349,1.126873116998408
2024-02-06,1.0619522740511116,1.1361601944222248
2024-02-07,1.0613463418597429,1.136808468410778
2024-02-08,1.0552517286878809,1.1433364108855408
2024-02-09,1.0562531136159208,1.142251437681125
2024-02-12,1.0706965887264426,1.1266319995015521
2024-02-13,1.0604395688670742,1.1374248673548368
2024-02-14,1.0542664843006926,1.1440461026427546
2024-02-15,1.0593306215583091,1.1385507116964444
2024-02-16,1.0656922430464615,1.1317133480580512
2024-02-20,1.0643449949948796,1.133144059985504
2024-02-21,1.0418629588982187,1.1570793307662284
2024-02-22,1.0415004452381813,1.1574819336801407
2024-02-23,1.045444348455411,1.1530988374049564
2024-02-26,1.043660454805685,1.1550664272595408
2024-02-27,1.045391005670192,1.153151148018047
2024-02-28,1.0399245571059947,1.1591810845711596
2024-02-29,1.0315970191329422,1.1684636084171915
2024-03-01,1.0328279847283466,1.1670693251120183
2024-03-04,1.0433557045719275,1.155173269743178
2024-03-05,1.0379917052169978,1.161112134740592
2024-03-06,1.0272961059003654,1.1730763827133337
2024-03-07,1.0340028280498936,1.1654179312563056
2024-03-08,1.035163225405955,1.1641100548661734
2024-03-11,1.0235675464288503,1.177150168887761
2024-03-12,1.025537432587611,1.1748847084083183
2024-03-13,1.028481844456959,1.1715115068355348
2024-03-14,1.03514940738884,1.1639166944046229
2024-03-15,1.0286092718364412,1.1712703893386787
2024-03-18,1.0227985041283325,1.1778870710488114
2024-03-19,1.0136913283697746,1.1883751823791235
2024-03-20,1.010410480499296,1.1922214007271767
2024-03-21,1.01182726579757,1.1905496823657409
2024-03-22,1.0149183621266533,1.1869125954071766
2024-03-25,1.017759925710731,1.1835894831900275
2024-03-26,1.0089760198992677,1.1938046019789892
2024-03-27,1.007849512795959,1.1951374675155024
2024-03-28,1.0098789029936888,1.1927309571875995
2024-04-01,1.0171894760292073,1.184096707330121
2024-04-02,1.0160795978427863,1.1853887017294424
2024-04-03,1.0286122653613377,1.1707677187763716
2024-04-04,1.0171954980979931,1.18376229702011
2024-04-05,1.01757657106293,1.1833188229690064
2024-04-08,1.0161056710558498,1.1850293022730507
2024-04-09,1.0257149627244744,1.173822503092828
2024-04-10,1.01807872231827,1.1825613741764873
2024-04-11,1.0328924684673109,1.1653542922301905
2024-04-12,1.0453092354536264,1.1513451546433935
2024-04-15,1.0474589212274417,1.1489774052580988
2024-04-16,1.053513865121439,1.1423356233387123
2024-04-17,1.0558401924242653,1.1398131633716024
2024-04-18,1.0650878195644946,1.129830054923927
2024-04-19,1.0557882735939794,1.1396948814120669
2024-04-22,1.0431562142686714,1.1533308477462447
2024-04-23,1.0431562142686714,1.1535765188208855
2024-04-24,1.047930146031109,1.1482972562250506
2024-04-25,1.0372316776990302,1.1600203867009362
2024-04-26,1.0339348900561038,1.163707451952262
2024-04-29,1.0501992168920622,1.1454017360681945
2024-04-30,1.0538071120457746,1.1414667784847716
2024-05-01,1.0441875001315657,1.1518865861483099
2024-05-02,1.0310759094719923,1.1663505261992366
2024-05-03,1.0204288918732496,1.1783944062517784
2024-05-06,1.0190580172673755,1.1799774964407175
2024-05-07,1.0190639641008534,1.1799706105426035
2024-05-08,1.0138759627580616,1.1859777792067916
2024-05-09,1.0122036769165716,1.1879339295854772
2024-05-10,1.0124479257686592,1.1876472763107717
2024-05-13,1.007549891890053,1.1933928919095078
2024-05-14,0.9957455100185515,1.2073745969667227
2024-05-15,0.9978183213759139,1.2048612441551827
2024-05-16,0.9966560890271129,1.2062646346159258
2024-05-17,0.995742763416073,1.2073700433889376
2024-05-20,0.9932515402426548,1.2103907314034432
2024-05-21,0.9959394011194522,1.2071152651587267
2024-05-22,1.0032902201789473,1.1982058015024415
2024-05-23,0.9962661426191807,1.2065944913481519
2024-05-24,0.9960182697568817,1.2068946942933394
2024-05-28,1.003355982674672,1.1980034449481938
2024-05-29,1.0093510703760207,1.1908453317331447
2024-05-30,1.0012481249357945,1.2004052906354394
2024-05-31,1.0001306493446214,1.2017450420700662
2024-06-03,0.998627643912292,1.2035510354447216
2024-06-04,0.9867962533132796,1.217810286621072
2024-06-05,0.9869934316206721,1.2175669478667601
2024-06-06,0.9880941461690259,1.2162090931838663
2024-06-07,0.9855440187829061,1.2193479520950348
2024-06-10,0.9828728186891514,1.2226528500010443
2024-06-11,0.9745147898428694,1.2330498897756579
2024-06-12,0.9722298880363649,1.235940967417602
2024-06-13,0.9726128111781981,1.235454178846105
2024-06-14,0.9651583306156921,1.2449231772555738
2024-06-17,0.9627248504764437,1.2480620361667423
2024-06-18,0.9651566278364212,1.244909516522219
2024-06-20,0.9666643282693761,1.2429648056194325
2024-06-21,0.9696273206002767,1.2391549048307862
2024-06-24,0.9658132042529778,1.24402923219238
2024-06-25,0.9642945294370256,1.2459853825710654
2024-06-26,0.9634196045443851,1.2471158915533307
2024-06-27,0.9673538755014249,1.2420231035209328
2024-06-28,0.9647656583636981,1.2453462157380821
2024-07-01,0.9587886284530864,1.2530615313859859
2024-07-02,0.9539137209709885,1.2594326530843505
2024-07-03,0.9487160691048823,1.2662950058691242
2024-07-05,0.9477515104595807,1.267582446690661
2024-07-08,0.9470491584126068,1.2685218164688317
2024-07-09,0.9373816187673627,1.2814709699975935
2024-07-10,0.9455959209277572,1.2702414029284461
2024-07-11,0.9403790426305276,1.2772493591394651
2024-07-12,0.9377213409115477,1.28085912463132
2024-07-15,0.9317298871512789,1.2890430145395808
2024-07-16,0.9447065954444362,1.2710898122137908
2024-07-17,0.9520908037963047,1.261154460801421
2024-07-18,0.958888984945916,1.2521494830745246
2024-07-19,0.9485406208365537,1.2656627249342547
2024-07-22,0.9500185444343817,1.2636906925647584
2024-07-23,0.9500185444343817,1.234437398245591
2024-07-24,0.9549041290273154,1.2280891554990239
2024-07-25,0.9443137946701192,1.2417092398423908
2024-07-26,0.9435457746956826,1.2427191345447917
2024-07-29,0.9482259239129622,1.2365550340413325
2024-07-30,0.9332502138776475,1.2560844406579477
2024-07-31,0.9460296784750245,1.2388842446097645
2024-08-01,0.9634194644024103,1.2161112467929274
2024-08-02,0.9922919880947774,1.1796658540196328
2024-08-05,0.9820177116319475,1.1918802155819275
2024-08-06,0.9896132728222333,1.1826614418248849
2024-08-07,0.9668099986224095,1.2099130499875175
2024-08-08,0.9622933747339428,1.2155653727730986
2024-08-09,0.9622519634223569,1.215617683386189
2024-08-12,0.9460403467255806,1.2360978992568736
2024-08-13,0.9424229453572254,1.240824401934766
2024-08-14,0.927218602480987,1.2608429294432073
2024-08-15,0.9253736420461015,1.2633517286769624
2024-08-16,0.9163768960100951,1.2756343939060313
2024-08-19,0.9181954967259467,1.2731028267833515
2024-08-20,0.9143026445541858,1.2785003713387217
2024-08-21,0.9224699322901209,1.2670797761283525
2024-08-22,0.9118768679595491,1.2816301230943203
2024-08-23,0.9147526783788883,1.277588211964388
2024-08-26,0.9132934684861818,1.2796262156803295
2024-08-27,0.9187512857848747,1.2719792036992001
2024-08-28,0.9187874653542885,1.2719291143435658
2024-08-29,0.9095140958967755,1.2847667607480333
2024-08-30,0.9287512962048556,1.2575925634077447
2024-09-03,0.9302396606328509,1.2555772165178551
2024-09-04,0.9330471403153564,1.2517878623606775
2024-09-05,0.9491517670876904,1.2301816910855123
2024-09-06,0.9381605229160709,1.2444272815285078
2024-09-09,0.9339644380012505,1.249993197399048
2024-09-10,0.9240036830906585,1.2633244072102532
2024-09-11,0.9170779961051205,1.2727934056197217
2024-09-12,0.9121187029659741,1.2796763050359643
2024-09-13,0.9109725074540106,1.281284384371284
2024-09-16,0.910731509603285,1.28162334825908
2024-09-17,0.9133694032234371,1.2779111827985006
2024-09-18,0.8978632649778985,1.2996060933090356
2024-09-19,0.8996060421722958,1.2970835222790529
2024-09-20,0.8970788031547279,1.3007273840728582
2024-09-23,0.8948260778425335,1.3039937431620048
2024-09-24,0.8964915719225809,1.301566686202633
2024-09-25,0.8928709331804516,1.3068232919724159
2024-09-26,0.893989894183246,1.3051855588500576
2024-09-27,0.8902024589894981,1.3107150460983183
2024-09-30,0.8985028020530498,1.29849379863791
2024-10-01,0.8983784574397128,1.298673498366106
2024-10-02,0.899889003099203,1.296489891223919
2024-10-03,0.8918167743133384,1.3081197288866497
2024-10-04,0.900365749679812,1.295580064169914
2024-10-07,0.8916417930580441,1.3081333896200047
2024-10-08,0.8852991776387596,1.3174386813549612
2024-10-09,0.887131855686614,1.314711421450402
2024-10-10,0.8817630689055802,1.3226678545951618
2024-10-11,0.8749667329005282,1.3328625378155277
2024-10-14,0.8816247627965382,1.3227201652082523
2024-10-15,0.8774995118524834,1.3289093659209652
2024-10-16,0.8776497050891768,1.3286819091574638
2024-10-17,0.8741640729990924,1.3339588394329698
2024-10-18,0.8757574726011661,1.331527339958686
2024-10-21,0.8761733294423124,1.3308950590238164
2024-10-22,0.8842265218922651,1.3186623720875092
2024-10-23,0.8823291733699185,1.3214919208979206
2024-10-24,0.8825933843438307,1.3210962038821221
2024-10-25,0.8802532378499741,1.3245990158274672
2024-10-28,0.8788323971134765,1.3267370871918047
2024-10-29,0.8817327495734836,1.322358544494405
2024-10-30,0.8981459409555751,1.2977432357435057
2024-10-31,0.8944702701206454,1.3030542623209622
2024-11-01,0.896985595189082,1.2993899649585612
2024-11-04,0.8859834887162462,1.3153278203944614
2024-11-05,0.8635717143657144,1.3486002579546368
2024-11-06,0.8571543145701019,1.3586220162820477
2024-11-07,0.8539341286899733,1.3637261327274717
2024-11-08,0.8531066123544028,1.3650476698509588
2024-11-11,0.8555743594302793,1.361099051534181
2024-11-12,0.8553756713433708,1.3614151364701794
2024-11-13,0.8605504673049725,1.353178935948828
2024-11-14,0.8719127366666178,1.335312251600952
2024-11-15,0.8684967443961218,1.340543757161481
2024-11-18,0.8650543838764577,1.3458571160592665
2024-11-19,0.8650353951868367,1.3458866587834322
2024-11-20,0.8604157069275995,1.353074314722647
2024-11-21,0.8574318204512864,1.3577667210985889
2024-11-22,0.8548419645239285,1.3618678287397257
2024-11-25,0.8499505539750912,1.3696604441471005
2024-11-26,0.8531814183338055,1.3644540387958248
2024-11-27,0.8483969599567464,1.3721056043547395
2024-11-29,0.8463196969341512,1.3754651451941682
2024-12-02,0.8459376266563741,1.3760860977160119
2024-12-03,0.8408185045396158,1.384413369793062
2024-12-04,0.8423906464860713,1.3818248274166343
2024-12-05,0.8402884995106799,1.3852731074914328
2024-12-06,0.8454514118123204,1.376761693171275
2024-12-09,0.8479572311445416,1.372681132161607
2024-12-10,0.8410329938169628,1.3838901525992857
2024-12-11,0.8455863653921194,1.3763977401370986
2024-12-12,0.8456087452213005,1.376361311514819
2024-12-13,0.8423959779770218,1.3815905958178925
2024-12-16,0.8456509917951365,1.3762521367108536
2024-12-17,0.8705916465632314,1.3356625439017744
2024-12-18,0.8713448061266343,1.3345070457731283
2024-12-19,0.8618740515834468,1.3490119680241195
2024-12-20,0.8555933396741251,1.358842587147436
2024-12-23,0.8461452284035869,1.3738479587032795
2024-12-24,0.8461452284035869,1.3732906452075522
2024-12-26,0.8554999867521366,1.3581079062438421
2024-12-27,0.8646555439332194,1.3435734412686853
2024-12-30,0.8683604203493407,1.3378164972569233
2024-12-31,0.8702915554879216,1.3348413450202672
2025-01-02,0.859329339799507,1.3516550422710947
2025-01-03,0.8545703351724471,1.3591405688351683
2025-01-06,0.8640594097258356,1.3440487903642842
2025-01-07,0.862711165820305,1.34614599059143
2025-01-08,0.876006963012856,1.3253996680775082
2025-01-10,0.8746268630217547,1.327487761149084
2025-01-13,0.8736242959063012,1.3290094335693627
2025-01-14,0.8576257956449231,1.3533473072639992
2025-01-15,0.8594376926276017,1.3504881046665498
2025-01-16,0.8508509999600741,1.363980910957684
2025-01-17,0.8433905451594119,1.3759406053526408
2025-01-21,0.8382138633128239,1.3843860483263537
2025-01-22,0.8337600255003534,1.3917419645178655
2025-01-23,0.8361405206957823,1.3877683570547068
2025-01-24,0.8483320479056129,1.3675337011957902
2025-01-27,0.8405122338377953,1.380139448321844
2025-01-28,0.8444449029651973,1.3736819197084384
2025-01-29,0.8399901061596027,1.3809286610959846
2025-01-30,0.8442293898604909,1.373959354764701
2025-01-31,0.850652791641511,1.3635054507992121
2025-02-03,0.8445069257446646,1.3733566165539972
2025-02-04,0.8412060243842902,1.378724618385202
2025-02-05,0.8381404183441674,1.383749102750826
2025-02-06,0.8460732247249874,1.3706522356012358
2025-02-07,0.8403939234423724,1.3798527950471389
2025-02-10,0.8401085401301096,1.3803213693074963
2025-02-11,0.8423968838190411,1.3765615578744843
2025-02-12,0.8336138078254871,1.3909139908011166
2025-02-13,0.8336737811768021,1.3908139231527208
2025-02-14,0.8316354589734359,1.3942144461922141
2025-02-18,0.8296586869438862,1.3975284512537935
2025-02-19,0.8332545812431545,1.3914713042968443
2025-02-20,0.8474733429929793,1.3677270616573416
2025-02-21,0.8516845282939534,1.3609306802190129
2025-02-24,0.85567018271124,1.3545618908409773
2025-02-25,0.8555537907906791,1.3547461441469582
2025-02-26,0.8691267698098526,1.3332537012535437
2025-02-27,0.8553475082951465,1.3543912982683517
2025-02-28,0.8703988355523636,1.330558427456352
2025-03-03,0.8703988355523636,1.314279275812327
2025-03-04,0.8606858130685276,1.3289456834803746
2025-03-05,0.8606858130685276,1.305265190929861
2025-03-06,0.8559342956463288,1.3124710611802157
2025-03-07,0.8790214895542425,1.2770696594112727
2025-03-10,0.885673805803786,1.2674049682199247
2025-03-11,0.8813456331149051,1.2735986114475497
2025-03-12,0.8935883913852676,1.2559070732500843
2025-03-13,0.8935883913852676,1.2826150286503446
2025-03-14,0.8878550114570641,1.290844454336455
2025-03-17,0.878396237333802,1.2770924273001976
2025-03-18,0.878396237333802,1.2908831042161906
2025-03-19,0.880315439257772,1.2880626625613494
2025-03-20,0.8795894840957543,1.2891248678768406
2025-03-21,0.8640682479304232,1.3118727654844244
2025-03-24,0.8627079163807999,1.313938090667076
2025-03-25,0.8723330924610957,1.2992785688971424
2025-03-26,0.8752178813020753,1.2949818795369992
2025-03-27,0.8924922497932236,1.2694225363672713
2025-03-28,0.887549162216103,1.276453260467215
2025-03-31,0.8841931298550698,1.2812798307935034
2025-04-01,0.8782441063110389,1.2899005309805
2025-04-02,0.8782441063110389,1.2274749778124256
2025-04-03,0.9307188450601621,1.1541338323166188
2025-04-04,0.9328887904453244,1.1514430010343393
2025-04-07,0.9475356338142038,1.1333647419137727
2025-04-08,0.8573739451831763,1.2412087905375435
2025-04-09,0.8277023081413782,1.1982535585377527
2025-04-10,0.8426771770989463,1.2199324759946042
2025-04-11,0.8493720049093467,1.229624488652662
2025-04-14,0.8508395336282653,1.2274999669588065
2025-04-15,0.8699054620222074,1.1999936916288356
2025-04-16,0.868751238315643,1.2015858889733446
2025-04-17,0.8892255270640884,1.1732675219174358
2025-04-21,0.9115603866730707,1.2027367224613332
2025-04-22,0.9267480205000727,1.2227756855383702
2025-04-23,0.9455231140263082,1.2475480371914136
2025-04-24,0.9524945821449927,1.2567463753798604
2025-04-25,0.953104851809214,1.257551581207685
2025-04-28,0.9475745460244785,1.2648484119508656
2025-04-29,0.9461721438836285,1.2667203766719661
2025-04-30,0.940212108908621,1.2746995777056505
2025-05-01,0.9263660055891979,1.2934715355297468
2025-05-02,0.9322777006569363,1.2852171206972558
2025-05-05,0.9394499364301708,1.275329637383064
2025-05-06,0.9353667523432485,1.2808726743018068
2025-05-07,0.929941835548471,1.2883014477378778
2025-05-08,0.930603471413935,1.2873848458486319
2025-05-09,0.9003041551626957,1.329300529358983
2025-05-12,0.8937785696997674,1.3389355667632927
2025-05-13,0.8928629689919342,1.3403071932424144
2025-05-14,0.8891733627073608,1.3458457876462449
2025-05-15,0.8829444611842252,1.355273803855649
2025-05-16,0.8821709019494782,1.3564611770287898
2025-05-19,0.8855939274619428,1.3511977964237658
2025-05-20,0.8998831011941419,1.3293960434295937
2025-05-21,0.9002834331233975,1.3288046336319161
2025-05-22,0.9063228025199923,1.3198906163978459
2025-05-23,0.8877802936893912,1.3468943322283815
2025-05-27,0.8927263178265439,1.3393904802902954
2025-05-28,0.889145419143027,1.344763035699285
2025-05-29,0.8892176045573007,1.3446538608953194
2025-05-30,0.8855699966610406,1.3501696874102254
2025-06-02,0.8804334334625226,1.3580010637602087
2025-06-03,0.880368556559546,1.3581011314086044
2025-06-04,0.8850145989685393,1.3509339110379852
2025-06-05,0.8759160444172613,1.364822434344918
2025-06-06,0.8751102471345841,1.36607800012196
2025-06-09,0.8703120269189943,1.373568191326691
2025-06-10,0.8727000664767197,1.3697992727381092
2025-06-11,0.8693642403272631,1.3750352208135508
2025-06-12,0.879184909039436,1.3595023006118918
2025-06-13,0.8709270242029931,1.3722716433495852
2025-06-16,0.878201167647886,1.3608101770020242
2025-06-17,0.8784727427614857,1.3603893597769723
2025-06-18,0.880386634857667,1.357425535953342
2025-06-20,0.8719291970111313,1.3704656499749297
2025-06-23,0.8622318444654613,1.385707585449844
2025-06-24,0.8622346778480694,1.385703031872059
2025-06-25,0.8553194511640189,1.396816538239127
2025-06-26,0.8508555638508297,1.4041064830841938
2025-06-27,0.8464613820425624,1.411357889112398
2025-06-30,0.8474081754124251,1.4097792414383712
2025-07-01,0.8433871415985338,1.416468780393063
2025-07-02,0.836354174002915,1.4282806501043184
2025-07-03,0.8429298391495661,1.417051083035171
2025-07-07,0.8435332815630965,1.4160366347549853
2025-07-08,0.8384196955866728,1.4246207952568297
2025-07-09,0.8361172232228272,1.4285330960142009
2025-07-10,0.8388743389659121,1.4238224753271194
2025-07-11,0.8376936956368521,1.4258263827411104
2025-07-14,0.8410078617093918,1.4201853883685551
2025-07-15,0.8383219707138128,1.4247209739680988
2025-07-16,0.8338170234294183,1.4323770931047983
2025-07-17,0.8338924723706049,1.432247482732237
2025-07-18,0.83272574432395,1.434251390146228
2025-07-21,0.832194855319809,1.4351657707780179
2025-07-22,0.8256938431884148,1.4463771235360257
2025-07-23,0.8251173242263322,1.4473870182384265
2025-07-24,0.8218380375234813,1.4531394086724037
2025-07-25,0.8216926888024101,1.4533964081600705
2025-07-28,0.8241244409761568,1.449095165222142
2025-07-29,0.8251541290400267,1.447284618269702
2025-07-30,0.8282029244754361,1.4419371630699658
2025-07-31,0.8414476559107076,1.4188775119784232
2025-08-01,0.8290471573823374,1.4397876522297297
2025-08-04,0.8330745573775169,1.4327933567520654
2025-08-05,0.8270081856807937,1.4432268251489584
2025-08-06,0.8276677081815127,1.4420758805980973
2025-08-07,0.8212121356541585,1.4533236619783847
2025-08-08,0.8232685558106386,1.4496843537623643
2025-08-11,0.8139282152261555,1.4661316545958134
2025-08-12,0.8112991628863602,1.4708673754921486
2025-08-13,0.8110532655729931,1.4713131818635814
2025-08-14,0.8134029964544068,1.4670505888053886
2025-08-15,0.81348495752759,1.4669027641216874
2025-08-18,0.8182504362943441,1.4583094964642733
2025-08-19,0.8202401507786702,1.454763369998535
2025-08-20,0.8235245412400156,1.4489382333828715
2025-08-21,0.8110181311897052,1.470942453994164
2025-08-22,0.8144782472238303,1.4646668463664105
2025-08-25,0.8111111980665231,1.470721772065904
2025-08-26,0.8091718439197615,1.474238244744604
2025-08-27,0.8066175154463191,1.4788920012408104
2025-08-28,0.8117784029645675,1.4694297776665828
2025-08-29,0.8173977603165866,1.4592579733980147
2025-09-02,0.8132289715556227,1.4667002965045677
2025-09-03,0.80644136699656,1.478942090596445
2025-09-04,0.808993877291205,1.4742610126335292
2025-09-05,0.8072901532424948,1.477365775242747
2025-09-08,0.805120033267934,1.4813371614484494
2025-09-09,0.802717981847719,1.4857566863459133
2025-09-10,0.795906205041315,1.4983646547294232
2025-09-11,0.7962904377672128,1.4976413022388548
2025-09-12,0.7925426018825711,1.5046901295870656
2025-09-15,0.7935633415438835,1.5027521935195198
2025-09-16,0.7943332314311976,1.5012942711882302
2025-09-17,0.7905290749131655,1.5084841483849012
2025-09-18,0.7866670092526452,1.5158537253097681
2025-09-19,0.7831977711820165,1.5225387106866752
2025-09-22,0.787507050001805,1.5141614603168636
2025-09-23,0.7897487816220908,1.5098512212862383
2025-09-24,0.7937046817148954,1.5022882838998208
2025-09-25,0.7890203662579487,1.5111545440985856
2025-09-26,0.7869408681950656,1.515137258717314
2025-09-29,0.7837216124166007,1.5213354555227239
2025-09-30,0.7810570209777355,1.526507875634922
2025-10-01,0.7805740506791857,1.5274517989908778
2025-10-02,0.7805229130853829,1.5275518666392736
2025-10-03,0.7776766644905589,1.5331222250247258
2025-10-06,0.7806407058331405,1.5272788740979228
2025-10-07,0.7760913943754094,1.536179341661511
2025-10-08,0.7782299688550293,1.5319462913274837
2025-10-09,0.7993290854539554,1.4904126640995758
2025-10-10,0.7868606133997107,1.5136611220748843
2025-10-13,0.7880915204353198,1.511293261626717
2025-10-14,0.7849186630602523,1.5173777300503761
2025-10-15,0.789859244967434,1.5078267672407786
2025-10-16,0.7856961215624697,1.5157740932299686
2025-10-17,0.7773109597448016,1.5319508449052688
2025-10-20,0.7772855444351456,1.532000934260903
2025-10-21,0.78143433651438,1.5238238191878828
2025-10-22,0.7768806111856938,1.5327037401200025
2025-10-23,0.7707413722957789,1.5448158127764455
2025-10-24,0.7612689216259866,1.563801677693561
2025-10-27,0.7595271810706401,1.567379568140921
2025-10-28,0.7595602799399479,1.567311264474147
2025-10-29,0.7670835820492617,1.5517873403651847
2025-10-30,0.7650754172895169,1.555849798126586
2025-10-31,0.7637589422818778,1.558526968675511
2025-11-03,0.7727230512130215,1.540234802461925
2025-11-04,0.7698998645060817,1.5458621361011256
2025-11-05,0.7785059507352634,1.5285821969102695
2025-11-06,0.7785059507352634,1.5305110258222454
2025-11-07,0.7665161660908776,1.5540824546316663
2025-11-10,0.764925376369031,1.557307720457876
2025-11-11,0.764443842696479,1.5582880724361112
2025-11-12,0.7771006285262904,1.5324877228324
2025-11-13,0.7774905197781103,1.5317188345639825
2025-11-14,0.784614094870262,1.5176848188936773
2025-11-17,0.7910922114713994,1.5051541502696386
2025-11-18,0.7881225812098599,1.5108042517977638
2025-11-19,0.8003915089141703,1.4872851336014334
2025-11-20,0.7925292347759855,1.5018947881414786
2025-11-21,0.7802710131218363,1.5251249207427746
2025-11-24,0.7802710131218363,1.5389451403829333
2025-11-25,0.7748819063337983,1.549574190498833
2025-11-26,0.7707325894969422,1.5578718087888448
2025-11-28,0.7748354529061526,1.5495787440766182
2025-12-01,0.772931499909024,1.5533864236078088
2025-12-02,0.7706283253504868,1.5580151909576343
2025-12-03,0.7697957987403394,1.5596983487949694
2025-12-04,0.7683049800516262,1.5627189257466023
2025-12-05,0.7709765728666045,1.5572849525689525
2025-12-08,0.7716522250741606,1.555920211987945
2025-12-09,0.766443914443761,1.566421984051612
2025-12-10,0.764850208645289,1.569679124922316
2025-12-11,0.7730063030296335,1.5529406172363764
2025-12-12,0.7742404563126168,1.5504612496639143
2025-12-15,0.7760861820355559,1.5467650772570187
2025-12-16,0.785082684746014,1.5288347538830263
2025-12-17,0.7788536328216491,1.5409649297877361
2025-12-18,0.7719856551843206,1.5545532501494814
2025-12-19,0.7769545380441781,1.5645591264860816
2025-12-22,0.7734190928427997,1.5716784787585223
2025-12-23,0.7709275370011239,1.5767416130038816
2025-12-24,0.7711621792424019,1.5762617103304986
2025-12-26,0.7738551172720292,1.5707573232914913
2025-12-29,0.7749196843371918,1.5685964840382294
2025-12-30,0.7806212847845019,1.5570552745479955
2025-12-31,0.779142236391359,1.5600054376382713
2026-01-02,0.7741914677755839,1.5699179100988438
2026-01-05,0.7693940256917553,1.5796462403163085
2026-01-06,0.7720406822284145,1.5742123782015316
2026-01-07,0.7719815838582421,1.5743328814185231
2026-01-08,0.7669826271231155,1.584527453576016
2026-01-09,0.7657726098551331,1.587027256717074
2026-01-12,0.7672575371778363,1.5839498155745657
2026-01-13,0.7713495981781319,1.5755020402805242
2026-01-14,0.7693595731272215,1.5795667192993814
2026-01-15,0.769853734553612,1.5785521599563226
2026-01-16,0.7857333212749709,1.5459917464736894
2026-01-20,0.7766284467989593,1.563906298919744
2026-01-21,0.772366696494292,1.5724882381641323
2026-01-22,0.772366696494292,1.5730022371394663
2026-01-23,0.7685001646810491,1.58087681694697
2026-01-26,0.7653632267967083,1.5873297919825906
2026-01-27,0.7654257746156368,1.5872000705471563
2026-01-28,0.7664151879098364,1.58514840609786
2026-01-29,0.7697122291161532,1.5783292567706066
2026-01-30,0.7655625056461131,1.5868384498333088
2026-02-02,0.7719962799448462,1.5735026864443185
2026-02-03,0.7759121476268727,1.565521264153178
2026-02-04,0.7854178594265974,1.5463420387745115
2026-02-05,0.7854178594265974,1.576798477194758
2026-02-06,0.7817333961390353,1.5841953755863345
2026-02-09,0.7817333961390353,1.5789616487683493
2026-02-10,0.7817716667351192,1.5788843490088782
2026-02-11,0.7940150022889516,1.5541574220708114
2026-02-12,0.79361871801795,1.55493308517447
2026-02-13,0.7928002415126183,1.5565367219948778
2026-02-17,0.7883874597554749,1.565200514576522
2026-02-18,0.7906123882567797,1.560783321999387
2026-02-19,0.785125755887659,1.5716147286695346
2026-02-20,0.7932797989586947,1.5552924846308618
2026-02-23,0.7872099280745875,1.5671929825146145
2026-02-24,0.7808049081227836,1.5799442220040407
2026-02-25,0.7849943797662433,1.5714669039858333
2026-02-26,0.7884007473347256,1.56464775465858
2026-02-27,0.788086684163697,1.5652710395007523
2026-03-02,0.7955293993149872,1.5504885711306253
2026-03-03,0.7893592341027121,1.5625142368720273
2026-03-04,0.7938165127292772,1.5536911801307831
2026-03-05,0.7938165127292772,1.533063139576397
2026-03-06,0.7872245321958034,1.5457939434972274
2026-03-09,0.7889053509506054,1.54249348810613
2026-03-10,0.7895661390206246,1.5412014937068086
2026-03-11,0.8015893967662815,1.5177325759289853
2026-03-12,0.8064463194812683,1.5085364589979946
2026-03-13,0.7982763060419755,1.5238192656101006
2026-03-16,0.7962852014733997,1.5276200592431772
2026-03-17,0.8071207064043469,1.506832865592064
2026-03-18,0.8093393179795348,1.5026908868137356
2026-03-19,0.8215912441636203,1.479942878143279
2026-03-20,0.8215912441636203,1.496892960601909
2026-03-23,0.8246661106069458,1.491290727171962
2026-03-24,0.8291350788335404,1.4993722171114985
2026-03-25,0.8147030107147638,1.4732738858200556
2026-03-26,0.8283263469760842,1.4486380304376876
2026-03-27,0.8315947146893823,1.4429220686259898
2026-03-30,0.8073694122408032,1.484956034095877
2026-03-31,0.8015817711383034,1.4956009662025878
2026-04-01,0.8006832974903916,1.4972773492046818
2026-04-02,0.8042277483098852,1.5039054703907135
2026-04-06,0.8042277483098852,1.5050473077860047
2026-04-07,0.784056578686194,1.542796023371647
2026-04-08,0.7792189311474031,1.55231511113675
2026-04-09,0.7801060883355293,1.5505477676418302
2026-04-10,0.7721698546096996,1.5663219164032183
2026-04-13,0.763071480401912,1.5847776782284435
2026-04-14,0.7569853875895514,1.597417521656448
2026-04-15,0.7550096891599243,1.6015867108386133
2026-04-16,0.7459190224277373,1.6208705574434605
2026-04-17,0.7476901121295892,1.6170220067750787
2026-04-20,0.7524366119276802,1.606756798630483
2026-04-21,0.7445660616351141,1.6235636099831967
2026-04-22,0.7476432550839915,1.6168536354599092
2026-04-23,0.741681779688403,1.6297459247977957
2026-04-24,0.7407677483046461,1.6317543857895715
2026-04-27,0.744393193215812,1.6237682988577735
2026-04-28,0.744690334175092,1.6231201359320935
2026-04-29,0.7370660158514518,1.639738029338169
2026-04-30,0.7349076441436495,1.6445397215809492
2026-05-01,0.7378929781741559,1.6378592897818272
2026-05-04,0.7319012743980857,1.6511587356114108
2026-05-05,0.721224056847152,1.6752463846536216
2026-05-06,0.7239669406880334,1.668875262955257
2026-05-07,0.7178670098778127,1.6829367111551445
2026-05-08,0.716517451020533,1.6861005592126936
2026-05-11,0.7176657482359937,1.683398399517388
2026-05-12,0.7134679443782603,1.693245011694388
2026-05-13,0.7080059159174797,1.7062078259565048
2026-05-14,0.7167592197085221,1.6851134323992174
2026-05-15,0.7172865164270814,1.6838737486129862
2026-05-18,0.7220767858807859,1.6726282995530277
2026-05-19,0.714284114166074,1.6906793482697575
2026-05-20,0.71305888088888,1.693579422004399
2026-05-21,0.7104013295206163,1.6998913471915595
2026-05-22,0.7060620131943033,1.7102747262328184
2026-05-26,0.7059455982934691,1.7105567148668661
2026-05-27,0.7018837873719861,1.7203987734660813
2026-05-28,0.700359112819793,1.7241359280730415
2026-05-29,0.6985204627506728,1.7286622954541422
2026-06-01,0.6976179121855821,1.7308958808890904
2026-06-02,0.7027607801096911,1.718135645306967
2026-06-03,0.6999111121545935,1.7251026193179215
2026-06-04,0.7184205148094244,1.6794816562451045
2026-06-05,0.7162809643637501,1.6844833727218036
2026-06-08,0.7181263863269535,1.6801434799041397
2026-06-09,0.7297596390306204,1.6529260791063303
2026-06-10,0.7297596390306204,1.68188350193235
2026-06-11,0.7297596390306204,1.6903358308041767
2026-06-12,0.7297596390306204,1.718274362835098
2026-06-15,0.7256115541704169,1.7085073827378978
2026-06-16,0.7344264880314695,1.6877519530684062
2026-06-17,0.7264607424708166,1.706057668952474
2026-06-18,0.7291523172824121,1.6997366366097437
2026-06-22,0.7396249753886692,1.6753236844130919
2026-06-23,0.7403519764252383,1.6736769551980364
2026-06-24,0.7404254238713613,1.6735109162031954
2026-06-25,0.7404254238713613,1.672721592366182
2026-06-26,0.7317253827512293,1.6923761668404464
2026-06-29,0.7259299721200396,1.705780122833338
2026-06-30,0.7243686168052069,1.702111271893152
2026-07-01,0.724367624238106,1.7021136042134808
2026-07-02,0.719122110545557,1.7144394729000703
2026-07-06,0.7223258784200676,1.7068014570116377
2026-07-07,0.7243608428218832,1.7019929899336164
2026-07-08,0.7184625207283376,1.7158519705163833
2026-07-09,0.7154386244899565,1.723073722757549
2026-07-10,0.7211099230272474,1.7094148774715736
2026-07-13,0.7183992864161217,1.7158405310404847
2026-07-14,0.7156556158343357,1.7223935737245013
2026-07-15,0.7193064653576462,1.7136069456055363
2026-07-16,0.7265704104924663,1.6963020172682994
2026-07-17,0.7279743295644691,1.6930243297661267
2026-07-20,0.7215271224496954,1.7080183729089442
2026-07-21,0.7225110630358601,1.7056891623405124
2026-07-22,0.7312460031086692,1.6850678966213672
2026-07-23,0.7308827465043571,1.6859049774936863
2026-07-24,0.7307643972847622,1.686177970035037
2026-07-27,0.729226644407793,1.6897262066953587
2026-07-28,0.7402826608571585,1.6641077780772993
2026-07-29,0.7279907416943934,1.6917392212649196
2026-07-30,0.7228921713100068,1.7035875195984547
2026-07-31,0.7335844050826575,1.7287851309914621
2026-08-03,0.7204560365401717,1.7597238044054209
2026-08-04,0.7216638754077519,1.7567736413151454
2026-08-05,0.7229336670909567,1.7536825394392823
2026-08-06,0.7184628780726323,1.7645277179056575
2026-08-07,0.7188824429448099,1.763497276571788
2026-08-10,0.7211921126487214,1.757831404115725
2026-08-11,0.7192977441464906,1.7624487319896518
2026-08-12,0.7146107064375967,1.77393307728901
2026-08-13,0.7158229960207103,1.77092371768753
2026-08-14,0.719564928356319,1.7616662940507521
2026-08-17,0.7245168617437011,1.7495427819184102
2026-08-18,0.7229890164243605,1.753232179490065
2026-08-19,0.7292565468424435,1.7380335585355438
2026-08-20,0.7260870567468533,1.7455873887663913
2026-08-21,0.7281221836315585,1.740694736030785
2026-08-24,0.7257987794196181,1.7462492124254265
2026-08-25,0.7259481115284718,1.7458899240319077
2026-08-26,0.7207189209110126,1.7584660173709232
2026-08-27,0.7225116747841823,1.754091917188436
2026-08-28,0.7249119675255243,1.7482645593153165
2026-08-31,0.730068116115835,1.7358295158247616
2026-09-01,0.7267073996821384,1.743820045271472
2026-09-02,0.7190190975556573,1.7622690322614563
