Date,cumulative_strategy,cumulative_benchmark
2022-12-23,1.0,0.9959503778895903
2022-12-27,1.0,0.9839784186097075
2022-12-28,0.9825386683551809,1.0011599921083962
2022-12-29,0.9800422906199447,0.9986163023848228
2022-12-30,0.9800422906199447,0.9946212890555178
2023-01-03,0.9800422906199447,1.00211970968702
2023-01-04,0.9800422906199447,0.9904494956720319
2023-01-05,0.9800422906199447,1.0130721357233947
2023-01-06,0.9792899782619306,1.0122944685813142
2023-01-09,0.9792899782619306,1.0193584954087034
2023-01-10,0.9918732910137164,1.0324566655509966
2023-01-11,0.995261436807181,1.0359834403316202
2023-01-12,0.995261436807181,1.0401241194095927
2023-01-13,0.995261436807181,1.0380121565496596
2023-01-17,1.0107502909511534,1.0218579901187315
2023-01-18,1.0184707557355197,1.0140526808371373
2023-01-19,0.9992029175249113,1.033236936134967
2023-01-20,1.0110747920967096,1.0455131806230518
2023-01-23,1.0103554092216995,1.0447692947269571
2023-01-24,1.0103554092216995,1.0445794339647443
2023-01-25,1.0103554092216995,1.0560780113107486
2023-01-26,1.012876085291846,1.0587127580018851
2023-01-27,1.012876085291846,1.044982586466179
2023-01-30,0.9980450773100562,1.0602837129373857
2023-01-31,1.008476947808503,1.071366120572506
2023-02-01,1.0233009268726225,1.0871145310601096
2023-02-02,1.0127050441547993,1.0758578833141157
2023-02-03,1.0189235220263253,1.069251617769266
2023-02-06,1.0058074181904628,1.0830155705509579
2023-02-07,1.0058074181904628,1.0710149734102863
2023-02-08,1.0146884926871385,1.061558129491771
2023-02-09,1.0124609858249045,1.063888527476123
2023-02-10,1.0124609858249045,1.0760685716114478
2023-02-13,1.012177077051409,1.075766826346553
2023-02-14,1.0093701321868527,1.0787501167580194
2023-02-15,1.0093701321868527,1.0638755102666737
2023-02-16,1.0121634689705785,1.060931334982138
2023-02-17,1.0324484741569027,1.0396689615689438
2023-02-21,1.0340730897987236,1.0380329840847793
2023-02-22,1.0340730897987236,1.043565107605016
2023-02-23,1.0231764913751393,1.0325684865550961
2023-02-24,1.0231764913751393,1.0357415742301925
2023-02-27,1.020070125676768,1.0325970609173019
2023-02-28,1.020070125676768,1.0277177663255967
2023-03-01,1.020070125676768,1.0355101218963243
2023-03-02,1.0365419499517283,1.052231267172001
2023-03-03,1.0372542271352692,1.052954325532977
2023-03-06,1.021356315493925,1.0368157797533881
2023-03-07,1.0199113066929257,1.0382826605118762
2023-03-08,1.0199113066929257,1.019116629307276
2023-03-09,1.0346777238051381,1.0043617176442818
2023-03-10,1.0362398398834078,1.0028453714898862
2023-03-13,1.0362398398834078,1.0193689091762634
2023-03-14,1.029005970215314,1.0122528135110769
2023-03-15,1.0109345609688911,1.0300300037153027
2023-03-16,0.9997946107310226,1.0186796320612732
2023-03-17,0.9908780387571328,1.0277646282796151
2023-03-20,1.0037418095853348,1.041107267965226
2023-03-21,0.9872169835610917,1.0239672860381925
2023-03-22,0.9842706061075774,1.0270233458254099
2023-03-23,0.9898217026109205,1.0328155595403037
2023-03-24,0.9898217026109205,1.0345165595731323
2023-03-27,0.9882638781623476,1.0328883924146375
2023-03-28,0.9882638781623476,1.0475939021803067
2023-03-29,0.9939120724531352,1.053581183541193
2023-03-30,1.0082607263003036,1.0687912530448367
2023-03-31,1.0119901279352155,1.0727445478053208
2023-04-03,1.0061236494149697,1.066525877609149
2023-04-04,1.0061236494149697,1.063867699941004
2023-04-05,1.0061236494149697,1.0676754559499861
2023-04-06,1.0061236494149697,1.0687391842070397
2023-04-10,1.0061236494149697,1.0686949891934945
2023-04-11,1.0061236494149697,1.0642760593262186
2023-04-12,1.0061236494149697,1.0783912227687131
2023-04-13,1.0040416038245101,1.0761596285790114
2023-04-14,1.007361122903859,1.0797175811637307
2023-04-17,1.007361122903859,1.0806409775530617
2023-04-18,1.007361122903859,1.0805499205854987
2023-04-19,1.007361122903859,1.0741178951515225
2023-04-20,1.007361122903859,1.0750880264977056
2023-04-21,1.007361122903859,1.0760035490627842
2023-04-24,1.007361122903859,1.0589910087911893
2023-04-25,1.007361122903859,1.0549232260861332
2023-04-26,1.007361122903859,1.0755640118734742
2023-04-27,1.0156750784971382,1.0844408597377915
2023-04-28,1.0152829197573883,1.0840221500836003
2023-05-01,1.0152829197573883,1.0714623844238498
2023-05-02,1.0223881793567857,1.0639639637923475
2023-05-03,1.0223881793567857,1.0562834927243019
2023-05-04,1.00349981191959,1.0757980676492322
2023-05-05,1.00349981191959,1.0762844667925602
2023-05-08,0.9989043635291605,1.0713557068049475
2023-05-09,0.9989043635291605,1.0761596285790116
2023-05-10,0.9989043635291605,1.0743337903326342
2023-05-11,0.9989043635291605,1.0726327902998054
2023-05-12,0.9989043635291605,1.0758058144763192
2023-05-15,1.0052750592798103,1.068944665620592
2023-05-16,1.0052750592798103,1.08165530391279
2023-05-17,1.0052750592798103,1.0918715908801568
2023-05-18,1.00382156463701,1.0902928891175696
2023-05-19,1.00382156463701,1.0904619223446634
2023-05-22,1.00382156463701,1.0782247294849268
2023-05-23,1.00382156463701,1.0703336336181322
2023-05-24,1.00382156463701,1.0797071673961716
2023-05-25,1.00382156463701,1.0937963599183498
2023-05-26,1.0038382313559724,1.093814520512996
2023-05-30,1.0038382313559724,1.0871328186519225
2023-05-31,1.0038382313559724,1.0978459185301768
2023-06-01,1.0184284425465855,1.1138024773718052
2023-06-02,1.0163879380216028,1.1115708831821034
2023-06-05,1.0163879380216028,1.1141874057800107
2023-06-06,1.0125134573430465,1.1099401125817185
2023-06-07,1.0187795412726526,1.1168091352616978
2023-06-08,1.019949160843598,1.11809129864317
2023-06-09,1.019949160843598,1.1285131940212543
2023-06-12,1.0270199481521602,1.1363366003989122
2023-06-13,1.0270199481521602,1.13726774361533
2023-06-14,1.0270199481521602,1.151117546480805
2023-06-15,1.0270199481521602,1.1468910808176318
2023-06-16,1.0318829982142677,1.1414604280325173
2023-06-20,1.0372955151006154,1.135473146671631
2023-06-21,1.0334463205478759,1.1396866586239376
2023-06-22,1.0334463205478759,1.1309580164515953
2023-06-23,1.0334463205478759,1.125883590715315
2023-06-26,1.0334463205478759,1.1387815498264187
2023-06-27,1.0330804012970174,1.1383783338264015
2023-06-28,1.0330804012970174,1.1434709201573283
2023-06-29,1.0330804012970174,1.157500170017457
2023-06-30,1.0330804012970174,1.1588552297718457
2023-07-03,1.0330804012970174,1.156574233684819
2023-07-05,1.0330804012970174,1.1474112612069463
2023-07-06,1.0360402805112114,1.1441238125844433
2023-07-07,1.0360402805112114,1.1468754601662934
2023-07-10,1.0360402805112114,1.1546079365735538
2023-07-11,1.0360402805112114,1.1631650055754952
2023-07-12,1.0448157006758825,1.1730171916697754
2023-07-13,1.0448157006758825,1.1718155444911411
2023-07-14,1.0448157006758825,1.1763333416516495
2023-07-17,1.0448157006758825,1.1847056297779925
2023-07-18,1.0448157006758825,1.187499059427246
2023-07-19,1.0448157006758825,1.1794752515226503
2023-07-20,1.0448157006758825,1.1798575129903832
2023-07-21,1.0448157006758825,1.184617239750902
2023-07-24,1.0448157006758825,1.187951550327423
2023-07-25,1.0448157006758825,1.18776689644899
2023-07-26,1.0448157006758825,1.1801358907768522
2023-07-27,1.034495175435117,1.191793087582391
2023-07-28,1.034495175435117,1.1935434895125447
2023-07-31,1.0372521957399974,1.1903625915117786
2023-08-01,1.0516072903791587,1.173888519221309
2023-08-02,1.054286758245447,1.1708974819827558
2023-08-03,1.0598745562448355,1.1646916385002852
2023-08-04,1.0598745562448355,1.1752019239054599
2023-08-07,1.0643454071150507,1.1702445895556413
2023-08-08,1.056853766762541,1.1620075534104066
2023-08-09,1.056853766762541,1.162298884907742
2023-08-10,1.057984275173077,1.16105558265887
2023-08-11,1.057984275173077,1.1677322046333294
2023-08-14,1.045763594633414,1.154243835700468
2023-08-15,1.045763594633414,1.145523067352378
2023-08-16,1.0376977109790735,1.1366877475611334
2023-08-17,1.0375433982461255,1.1365187143340396
2023-08-18,1.044680854879093,1.144337040825083
2023-08-21,1.0417792885624209,1.141158682767624
2023-08-22,1.0532856157556292,1.1537626434409198
2023-08-23,1.0391105246257337,1.1382353350182075
2023-08-24,1.046091233839508,1.1458819613416846
2023-08-25,1.0526445976485894,1.1530604761136456
2023-08-28,1.0679166888379545,1.1697894317149922
2023-08-29,1.0720102079776457,1.174273447629515
2023-08-30,1.0702982757351884,1.1723982074858126
2023-08-31,1.0722238806799922,1.174507503405273
2023-09-01,1.0677267833108555,1.169581410358133
2023-09-05,1.0602830199607969,1.161427557356209
2023-09-06,1.0568781692160802,1.1576979046039233
2023-09-07,1.05838593562629,1.159349502739427
2023-09-08,1.0655019438328144,1.1671443347548789
2023-09-11,1.0594329666490199,1.1604964141397909
2023-09-12,1.0607483928458856,1.1619373239779627
2023-09-13,1.0696904157360552,1.1717323613478312
2023-09-14,1.0566833943164913,1.1574845493661186
2023-09-15,1.0574455670485727,1.1583194287311938
2023-09-18,1.0551709904086723,1.1558278713440004
2023-09-19,1.0452578755191244,1.1449691057170786
2023-09-20,1.0281146699818642,1.1261905428639907
2023-09-21,1.0257545315110732,1.123605261568762
2023-09-22,1.0298812087586706,1.1281255986725776
2023-09-25,1.0147063890816594,1.111503193692968
2023-09-26,1.0149390755242038,1.111758077003845
2023-09-27,1.0209202880657433,1.1183098607647557
2023-09-28,1.0181540207418214,1.1152797083992716
2023-09-29,1.0182348291376626,1.1153682254235273
2023-10-02,1.0042401366647673,1.1000385245901148
2023-10-03,1.0123842780912642,1.108959567467977
2023-10-04,1.0110640984593489,1.1075134507460254
2023-10-05,1.023009712613594,1.1205986036788693
2023-10-06,1.029458616789027,1.1276626940048413
2023-10-09,1.034820027775089,1.1335355509197385
2023-10-10,1.0392625186098767,1.138401828301994
2023-10-11,1.0327708335189985,1.1312908760220046
2023-10-12,1.0275875024411318,1.1256130867531
2023-10-13,1.0384741440163032,1.137538247577548
2023-10-16,1.0383721190688997,1.1374264900720314
2023-10-17,1.0244581190544053,1.1221851792657092
2023-10-18,1.0157677963469782,1.112665852741837
2023-10-19,1.0029840704373003,1.0986626373006072
2023-10-20,1.0012934706838459,1.0968107646353311
2023-10-23,1.0085686609958082,1.104779963758822
2023-10-24,0.994106160951579,1.0889378293631828
2023-10-25,0.9823433801405789,1.0760529509601113
2023-10-26,0.977627856634046,1.0708875952534334
2023-10-27,0.9893691890186035,1.0837489791809136
2023-10-30,0.9957753122785911,1.0907662075528677
2023-10-31,1.006236927197874,1.1022257967691067
2023-11-01,1.025213103665193,1.1230121848065324
2023-11-02,1.034843679012897,1.1335614583414724
2023-11-03,1.036657752140198,1.1355485829878567
2023-11-06,1.039601983434875,1.138773676002168
2023-11-07,1.0406466957088003,1.1399180474592248
2023-11-08,1.032234275045608,1.1307031331407198
2023-11-09,1.0483541007979456,1.148360692015177
2023-11-10,1.0474778456246765,1.147400847439388
2023-11-13,1.0674585040741607,1.1692875389174908
2023-11-14,1.0691632481953237,1.171154905236941
2023-11-15,1.0704360094141843,1.1725490801182605
2023-11-16,1.0718083608942035,1.1740523455646241
2023-11-17,1.079729322748255,1.182728918899169
2023-11-20,1.0775472641856594,1.1803387052499328
2023-11-21,1.0819233228671947,1.1851322132564375
2023-11-22,1.0825690944092838,1.1858395874674914
2023-11-24,1.080453583937381,1.1835222701911718
2023-11-27,1.0815125565164547,1.1846822622995679
2023-11-28,1.0804891767315319,1.1835612583209372
2023-11-29,1.0845778264987334,1.1880399403545148
2023-11-30,1.09094835696457,1.1950181805967035
2023-12-01,1.085047952818872,1.1885549138600486
2023-12-04,1.0844307018870798,1.1878787809516733
2023-12-05,1.0801946956333441,1.1832386855209234
2023-12-06,1.0888018911961252,1.1926669550772326
2023-12-07,1.0932610770223066,1.1975515200513003
2023-12-08,1.0932610770223066,1.2022513041497693
2023-12-11,1.0882327784661454,1.2077808877266991
2023-12-12,1.0733776650127047,1.2242679137280352
2023-12-13,1.0762189627616738,1.2275086273936857
2023-12-14,1.076301023912273,1.2274150304828155
2023-12-15,1.0714271622335507,1.2329731884219512
2023-12-18,1.0714271622335507,1.2402063119750169
2023-12-19,1.0871602846594908,1.2219947914652605
2023-12-20,1.0759609379705817,1.2345831314872169
2023-12-21,1.0741747798409065,1.236632611741793
2023-12-22,1.0696292057409365,1.2418656569376079
2023-12-26,1.0680991463577245,1.2436420932866603
2023-12-27,1.0677037631748698,1.2441024580110895
2023-12-28,1.07072160118317,1.240586033499443
2023-12-29,1.07072160118317,1.233563598243709
2024-01-02,1.079304842732825,1.2236749639629705
2024-01-03,1.083005111269797,1.219479739602476
2024-01-04,1.081027883806579,1.221706126908398
2024-01-05,1.0657695759530412,1.2389500560152784
2024-01-08,1.0673446775339677,1.2371190108851213
2024-01-09,1.061297132590144,1.2441284924299887
2024-01-10,1.0620093219512945,1.2432936130649137
2024-01-11,1.0612117788697912,1.2442272962246388
2024-01-12,1.065171521079994,1.2395846608505816
2024-01-16,1.071154479997215,1.2326220412597324
2024-01-17,1.0617226852681931,1.2434756000028746
2024-01-18,1.0617226852681931,1.2587871402416406
2024-01-19,1.064052450114678,1.2615493285882158
2024-01-22,1.0609439546735289,1.2652347863269564
2024-01-23,1.0600825441334198,1.2662620663975517
2024-01-24,1.0545061224617374,1.2729230677206715
2024-01-25,1.0551934339995277,1.2720933952393763
2024-01-26,1.0551934339995277,1.2817063186741187
2024-01-29,1.054559632132469,1.2809364618577077
2024-01-30,1.0715441002452952,1.2603060263393437
2024-01-31,1.08493163813875,1.2760518968836403
2024-02-01,1.0733397445532669,1.2896858045680037
2024-02-02,1.0733397445532669,1.2855764302912924
2024-02-05,1.0708598887864407,1.2885466399947267
2024-02-06,1.0620344420283268,1.2991661429621109
2024-02-07,1.0614284629532855,1.2999074254163159
2024-02-08,1.0553333782140581,1.307371937804667
2024-02-09,1.0563348406237099,1.3061313024962677
2024-02-12,1.07077943329023,1.288270929148731
2024-02-13,1.0605216197995522,1.300612259684063
2024-02-14,1.0605216197995522,1.3081834496913165
2024-02-15,1.0656158034118646,1.301899629949315
2024-02-16,1.0720151694408833,1.2940813034582714
2024-02-20,1.0706599279462405,1.295717280942436
2024-02-21,1.0932753536404738,1.3230865670462857
2024-02-22,1.0936557561171065,1.323546931770715
2024-02-23,1.0936557561171065,1.3185349886397917
2024-02-26,1.0917895969464093,1.3207848704213054
2024-02-27,1.0917895969464093,1.3185948043046762
2024-02-28,1.0860805257546144,1.3254898614035542
2024-02-29,1.0860805257546144,1.3361041574871586
2024-03-01,1.084784547057268,1.3345098350732323
2024-03-04,1.084784547057268,1.3209070416943818
2024-03-05,1.090361536367007,1.327697961117665
2024-03-06,1.1015967611232695,1.3413787307560463
2024-03-07,1.0944049657341506,1.332621514221498
2024-03-08,1.0956331486696784,1.3311259956022217
2024-03-11,1.083360098432924,1.346036986781443
2024-03-12,1.0854450571347725,1.3434464986024344
2024-03-13,1.0854450571347725,1.3395893406961275
2024-03-14,1.0924819078740937,1.3309048935373302
2024-03-15,1.0855795421720613,1.3393136298501314
2024-03-18,1.091712143462904,1.3468796129736051
2024-03-19,1.1014329382510641,1.3588724632871896
2024-03-20,1.1049977649481095,1.3632705021207638
2024-03-21,1.1034483505089099,1.3613589407877686
2024-03-22,1.1000773550229337,1.357200037616567
2024-03-25,1.0969973636971766,1.3534001554318373
2024-03-26,1.106465138242741,1.3650808467129678
2024-03-27,1.107700490533788,1.3666049396944504
2024-03-28,1.1054700419509698,1.363853165115435
2024-04-01,1.097467479013668,1.3539801514860357
2024-04-02,1.0986649503245378,1.3554575095106658
2024-04-03,1.0851136472908618,1.3387388406797134
2024-04-04,1.0971575343633604,1.3535977630211373
2024-04-05,1.0967465051409497,1.3530906633398558
2024-04-08,1.09833184474885,1.3550465466835615
2024-04-09,1.0879449417467606,1.342231897712934
2024-04-10,1.09604447175832,1.3522245426721022
2024-04-11,1.080096270291428,1.3325487448457476
2024-04-12,1.067112049648501,1.3165297033987622
2024-04-15,1.0649175262343833,1.3138222508304573
2024-04-16,1.0587616610807145,1.3062275663476122
2024-04-17,1.056423745804133,1.3033432067279611
2024-04-18,1.0471710075835412,1.2919278125252673
2024-04-19,1.056314117424001,1.303207954746853
2024-04-22,1.06895246824792,1.3188002857182297
2024-04-23,1.0691801658787667,1.3190812034480053
2024-04-24,1.0642871373142624,1.313044520189794
2024-04-25,1.075152596503426,1.3264495789821793
2024-04-26,1.0785699138401623,1.3306656308777929
2024-04-29,1.061603455156119,1.3097335770916994
2024-04-30,1.0579563814396131,1.3052340675230028
2024-05-01,1.0676138696984014,1.3171488145798913
2024-05-02,1.0810196191832449,1.333687909419025
2024-05-03,1.0921823617168418,1.3474597360249694
2024-05-06,1.0936496320740272,1.3492699536200077
2024-05-07,1.093643249952367,1.3492620797957553
2024-05-08,1.0992109305388296,1.3561311024757345
2024-05-09,1.1010239677775768,1.3583679035492162
2024-05-10,1.1007582862291068,1.3580401238654227
2024-05-13,1.1060835491299252,1.3646100682209799
2024-05-14,1.1190423442236574,1.3805977413681216
2024-05-15,1.116712869817659,1.37772379551603
2024-05-16,1.1180135873870003,1.379328531697516
2024-05-17,1.119038123788366,1.3805925344843417
2024-05-20,1.1218378164483018,1.3840466033877967
2024-05-21,1.1218378164483018,1.3803012029870063
2024-05-22,1.1135577676887674,1.3701134903818455
2024-05-23,1.1135577676887674,1.3797057132786343
2024-05-24,1.1138348229247175,1.3800489866166017
2024-05-28,1.1056291499801294,1.3698821015465599
2024-05-29,1.0990229764646946,1.3616970072419572
2024-05-30,1.107845796866055,1.3726285422446303
2024-05-31,1.1090822442620099,1.374160509050365
2024-06-03,1.1107489831416935,1.3762256099562802
2024-06-04,1.1239087481022552,1.392530649019656
2024-06-05,1.123684172437451,1.392252398230353
2024-06-06,1.1224310176780259,1.3906997308866644
2024-06-07,1.125327849005596,1.3942889247740624
2024-06-10,1.1283779165809447,1.3980679794236732
2024-06-11,1.1379732731692662,1.4099566920616629
2024-06-12,1.1406414288655358,1.413262555273143
2024-06-13,1.1401921750367643,1.4127059266973712
2024-06-14,1.1489310486241242,1.4235334510216144
2024-06-17,1.1518278799516941,1.4271226449090122
2024-06-18,1.1489184412271496,1.4235178303702751
2024-06-20,1.1471236808936365,1.4212941100048258
2024-06-21,1.1436075496268838,1.416937599244324
2024-06-24,1.1481060328660175,1.4225112508376336
2024-06-25,1.1499113506132572,1.424748051911115
2024-06-26,1.1509546895872624,1.426040756057312
2024-06-27,1.1462545904957007,1.4202173010397399
2024-06-28,1.1462545904957007,1.4240171832244697
2024-07-01,1.1462545904957007,1.4328394223076824
2024-07-02,1.1520826582405301,1.4401246146985458
2024-07-03,1.1583600861114882,1.4479715155517952
2024-07-05,1.1595377896118468,1.4494436666926458
2024-07-08,1.1603970905267909,1.4505178087172588
2024-07-09,1.172242499793293,1.4653247892180505
2024-07-10,1.172242499793293,1.4524841058285243
2024-07-11,1.1787097934024509,1.4604974999655604
2024-07-12,1.182041066114932,1.4646251618340838
2024-07-15,1.1895935703412752,1.4739832019579493
2024-07-16,1.1730254544499494,1.4534542371747075
2024-07-17,1.1638566136696766,1.4420934517531183
2024-07-18,1.1721668589323673,1.431796521585748
2024-07-19,1.184816925461022,1.447248520689402
2024-07-22,1.1829708591410568,1.444993559021274
2024-07-23,1.155586155813681,1.4115432676485022
2024-07-24,1.155586155813681,1.4042842366737032
2024-07-25,1.1684021479081752,1.4198584070504334
2024-07-26,1.169352421210157,1.4210131922750497
2024-07-29,1.1635522322149638,1.413964722600417
2024-07-30,1.1819286764790988,1.4362960311544446
2024-07-31,1.1819286764790988,1.4166281071523423
2024-08-01,1.160202627991337,1.3905878463839827
2024-08-02,1.1949725066395793,1.3489135995740085
2024-08-05,1.1949725066395793,1.36288036682878
2024-08-06,1.2042151981790288,1.3523389671180925
2024-08-07,1.1764669351819494,1.383500388579585
2024-08-08,1.1709708618366124,1.3899636553162398
2024-08-09,1.1709204703027092,1.390023470981124
2024-08-12,1.1511932942942102,1.4134420022677965
2024-08-13,1.1467914437680307,1.4188466206340122
2024-08-14,1.1282899732717064,1.4417372247042841
2024-08-15,1.1260449251738853,1.444605963672596
2024-08-16,1.1150971957847888,1.4586508341840638
2024-08-19,1.1173101679443096,1.4557560607968532
2024-08-20,1.1125731339147136,1.4619279960361726
2024-08-21,1.122511533378037,1.4488688775222274
2024-08-22,1.1096213171567213,1.465506776156011
2024-08-23,1.1131207595239134,1.460884968317073
2024-08-26,1.111345113644469,1.463215366301425
2024-08-27,1.1179864822684233,1.4544712304749088
2024-08-28,1.1180305075341994,1.4544139547533315
2024-08-29,1.1067461677362707,1.4690934301001022
2024-08-30,1.1301550382694427,1.4380205256628655
2024-09-03,1.131966160971455,1.4357160351002474
2024-09-04,1.1353824547855127,1.4313830188153374
2024-09-05,1.1549794396409585,1.4066769902662475
2024-09-06,1.1549794396409585,1.422966408678284
2024-09-09,1.1498135946866843,1.4293308716202888
2024-09-10,1.1375508029319457,1.4445747223699181
2024-09-11,1.1290245157153167,1.4554022466941614
2024-09-12,1.122919076964747,1.4632726420230027
2024-09-13,1.1215079834282042,1.4651114339802467
2024-09-16,1.1212112884002354,1.4654990293289247
2024-09-17,1.1244588274096212,1.4612542760739398
2024-09-18,1.1053690550046171,1.4860617753581522
2024-09-19,1.107514606622103,1.4831772887413357
2024-09-20,1.104403295675788,1.4873439387396243
2024-09-23,1.10162994148406,1.4910789253728551
2024-09-24,1.1036803490340592,1.4883036563182481
2024-09-25,1.0992229420089494,1.4943144321547261
2024-09-26,1.1006005068503804,1.492441731954331
2024-09-27,1.0959377549322389,1.498764539826098
2024-09-30,1.1061563959283132,1.4847898987470742
2024-10-01,1.1060033139467906,1.4849953801606264
2024-10-02,1.1078629628413394,1.482498488892488
2024-10-03,1.0979251557688652,1.495796870065971
2024-10-04,1.1084498906485456,1.4814581281138608
2024-10-07,1.097709734476612,1.4958124907173103
2024-10-08,1.0899012728926036,1.5064528212198134
2024-10-09,1.0921575024109527,1.503334278827239
2024-10-10,1.0855479316643215,1.5124322287564476
2024-10-11,1.077180889821282,1.5240895525591518
2024-10-14,1.0853776615363229,1.5124920444213323
2024-10-15,1.0853776615363229,1.5195692154553364
2024-10-16,1.0855634352966714,1.5193091252606796
2024-10-17,1.0898748077314266,1.5253431415784187
2024-10-18,1.0918613982795733,1.5225627926371974
2024-10-21,1.092379872910123,1.5218397977748042
2024-10-22,1.092379872910123,1.5078520759877483
2024-10-23,1.094723871067147,1.5110875827696193
2024-10-24,1.094723871067147,1.5106350918694424
2024-10-25,1.0976264695616094,1.5146404554677242
2024-10-28,1.099398178354434,1.5170852778980652
2024-10-29,1.095769907228346,1.5120785416509215
2024-10-30,1.0753724781810805,1.483931651903574
2024-10-31,1.0797734503109895,1.4900046563510783
2024-11-01,1.0767370372310632,1.4858146388743636
2024-11-04,1.0899439109984894,1.504039113094987
2024-11-05,1.117515053462362,1.542085177887798
2024-11-06,1.1258195645485671,1.553544767104037
2024-11-07,1.130049080988848,1.559381175832476
2024-11-08,1.131144170227112,1.5608923151030918
2024-11-11,1.1278721551260107,1.5563771848830559
2024-11-12,1.1281340783104883,1.5567386188156698
2024-11-13,1.1213091663236672,1.54732076302692
2024-11-14,1.1065039721258743,1.5268907290354934
2024-11-15,1.1108390493154858,1.5328728035126
2024-11-18,1.1152419541182248,1.5389484749005768
2024-11-19,1.1152664346407375,1.5389822561465625
2024-11-20,1.121222472142438,1.5472011316971508
2024-11-21,1.1251108258122133,1.5525667619336012
2024-11-22,1.128509200903577,1.557256259261676
2024-11-25,1.1349665369245503,1.5661668883719793
2024-11-26,1.1306522589758705,1.560213515254244
2024-11-27,1.1369927143066516,1.5689628579645403
2024-11-29,1.1397765914701317,1.5728043952195079
2024-12-02,1.1402911426030955,1.5735144363710345
2024-12-03,1.1471915208623242,1.5830364298353796
2024-12-04,1.145046530117201,1.5800765069023395
2024-12-05,1.1479039408802587,1.5840195148924296
2024-12-06,1.1408509734995038,1.5742869601279184
2024-12-09,1.1374696243354516,1.5696209572754352
2024-12-10,1.1281812907467639,1.58243814618937
2024-12-11,1.1220732918232068,1.5738707904170346
2024-12-12,1.1220435943143212,1.5738291353467966
2024-12-13,1.1263066354983648,1.5798086698805962
2024-12-16,1.1219545923288505,1.5737042971332482
2024-12-17,1.0888649579238199,1.5272912780950392
2024-12-18,1.0879229674285606,1.525969999586636
2024-12-19,1.099747736812582,1.5425559563797875
2024-12-20,1.1077618993171363,1.5537969834744425
2024-12-23,1.1199946472835913,1.5709551894947051
2024-12-24,1.119540311614117,1.57031791771893
2024-12-26,1.1071629693742164,1.5529568972255878
2024-12-27,1.0953141160348183,1.5363371591864508
2024-12-30,1.0906209136778628,1.529754261120027
2024-12-31,1.0881954963972973,1.5263522610543696
2025-01-02,1.1019024359481249,1.54557823492102
2025-01-03,1.108004821318173,1.5541377168691033
2025-01-06,1.0957016323093007,1.536880707054191
2025-01-07,1.097411321517488,1.5392787945276796
2025-01-08,1.0804984091248078,1.515555978032805
2025-01-10,1.0822006739557737,1.5179436517387341
2025-01-13,1.083441178740044,1.5196836399013283
2025-01-14,1.1032820119935178,1.5475132907296072
2025-01-15,1.1009511197107464,1.5442438757045853
2025-01-16,1.1119507872701524,1.5596725073298132
2025-01-17,1.1217006243031689,1.573348070084415
2025-01-21,1.1285855571405878,1.5830051885327026
2025-01-22,1.1345822809470096,1.5914164647888107
2025-01-23,1.1313428984076606,1.5868727602065689
2025-01-24,1.1148471092571621,1.5637350196525066
2025-01-27,1.1251236243669684,1.5781493249180059
2025-01-28,1.1198592882110803,1.5707653287324927
2025-01-29,1.1257670100320312,1.5790517667750523
2025-01-30,1.1200854600927754,1.5710825676515614
2025-01-31,1.1115631804544848,1.5591288324649075
2025-02-03,1.1195940930783799,1.570393354035154
2025-02-04,1.123970220203271,1.5765315080284878
2025-02-05,1.1280663034410192,1.5822768597893642
2025-02-06,1.117389415208372,1.567300973058644
2025-02-07,1.1248899375668666,1.577821545234213
2025-02-10,1.1252719308290253,1.578357346274866
2025-02-11,1.1222068400720075,1.5740581112359415
2025-02-12,1.1222068400720075,1.5904697009210542
2025-02-13,1.1221261042391362,1.590355276475065
2025-02-14,1.1248696888460779,1.5942436756840506
2025-02-18,1.127543469664111,1.598033144101221
2025-02-19,1.122656487585158,1.5911069726968299
2025-02-20,1.10349933503755,1.563956121717399
2025-02-21,1.098015929314211,1.556184657180373
2025-02-24,1.0928775102241184,1.5489021317299825
2025-02-25,1.0930261681006261,1.5491128200273143
2025-02-26,1.0756857958099175,1.524536836575553
2025-02-27,1.092739873998491,1.5487070640839902
2025-02-28,1.0735112151305375,1.5214548693666021
2025-03-03,1.0603769915578978,1.5028401328568282
2025-03-04,1.072210033078235,1.519610743528413
2025-03-05,1.0531043149014017,1.4925327889218984
2025-03-06,1.0589181013303972,1.5007724920076058
2025-03-07,1.0303558066982443,1.4602920185520132
2025-03-10,1.0225582127177082,1.449240725222406
2025-03-11,1.027555321698547,1.4563229761430245
2025-03-12,1.0132815669531827,1.4360932166813705
2025-03-13,1.034829880100315,1.466632987018427
2025-03-14,1.0414694838830754,1.47604309598009
2025-03-17,1.0303741761163783,1.4603180529709126
2025-03-18,1.041500667090444,1.4760872909936353
2025-03-19,1.0392250994147867,1.472862197979324
2025-03-20,1.0400820999759204,1.4740767988688248
2025-03-21,1.0584353888646065,1.5000883582778133
2025-03-24,1.0601017191066435,1.5024499975648438
2025-03-25,1.0482742332152055,1.4856872607175116
2025-03-26,1.044807610389131,1.4807741213812382
2025-03-27,1.0241860119851232,1.4515477557283325
2025-03-28,1.0298584883048643,1.4595871842842674
2025-03-31,1.0337526257354108,1.4651062270964725
2025-04-01,1.0407079146893206,1.4749637470716979
2025-04-02,0.9903421960152686,1.4035819423492697
2025-04-03,0.9311696406463299,1.319718475223787
2025-04-04,0.9311696406463299,1.3166415879014506
2025-04-07,0.9311696406463299,1.2959696243100138
2025-04-08,0.8425652397071642,1.4192861578233287
2025-04-09,0.813406096118674,1.3701680991629566
2025-04-10,0.8281223166473035,1.3949573108553575
2025-04-11,0.8347015102775264,1.4060398454876433
2025-04-14,0.8361436915961674,1.403610516711476
2025-04-15,0.8548803101017011,1.3721578907498135
2025-04-16,0.8548803101017011,1.3739785221124114
2025-04-17,0.8750276958462303,1.3415972928776383
2025-04-21,0.8970059456218784,1.3752944667398697
2025-04-22,0.911951085891159,1.3982084382885678
2025-04-23,0.9304264066366186,1.4265349020277343
2025-04-24,0.9372865647167614,1.4370529342599958
2025-04-25,0.9378870905022632,1.4379736637088543
2025-04-28,0.9433290965860509,1.4463173774729914
2025-04-29,0.9433290965860509,1.4484579146951302
2025-04-30,0.9492712229157462,1.4575818990432376
2025-05-01,0.9492712229157462,1.4790470869295116
2025-05-02,0.9553290898631496,1.4696084036056427
2025-05-05,0.9626786654978557,1.4583023539623237
2025-05-06,0.9626786654978557,1.4646406554882645
2025-05-07,0.9682619852463398,1.473135241884849
2025-05-08,0.9675730853258124,1.4720871342791348
2025-05-09,0.9360700834469017,1.5200164994717396
2025-05-12,0.9360700834469017,1.5310338845581957
2025-05-13,0.9360700834469017,1.532602299550389
2025-05-14,0.9399382358763683,1.5389355211897153
2025-05-15,0.9399382358763683,1.549716183559941
2025-05-16,0.9399382358763683,1.5510739102548021
2025-05-19,0.9399382358763683,1.5450553875912372
2025-05-20,0.9551042621255167,1.5201257170339486
2025-05-21,0.9546793639010812,1.519449457128408
2025-05-22,0.9546793639010812,1.5092565376394675
2025-05-23,0.9742112023214634,1.5401345014278773
2025-05-27,0.9796387525336248,1.5315540649475097
2025-05-28,0.9835682738765268,1.5376974258246234
2025-05-29,0.9835682738765268,1.5375725876110748
2025-05-30,0.979533635578864,1.5438797748315025
2025-06-02,0.9738520559824508,1.5528347259525161
2025-06-03,0.9737802952985102,1.5529491503985053
2025-06-04,0.9789193072671787,1.544753642326343
2025-06-05,0.9688553481767296,1.560634764851748
2025-06-06,0.9688553481767296,1.5620704678061401
2025-06-09,0.9741675717883552,1.5706352836351685
2025-06-10,0.9741675717883552,1.5663256348286847
2025-06-11,0.977891249354972,1.5723127891924058
2025-06-12,0.9668446183216632,1.5545513466366843
2025-06-13,0.9759258609939904,1.5691527187267589
2025-06-16,0.9677747478614664,1.5560468652559611
2025-06-17,0.9674754729951015,1.555565672996413
2025-06-18,0.9653676743453745,1.5521766266416221
2025-06-20,0.9746414828989889,1.5670876178208435
2025-06-23,0.985481172747321,1.5845163278033223
2025-06-24,0.9854779343547317,1.5845111209195426
2025-06-25,0.99338158690232,1.5972190922712683
2025-06-26,0.998566016482279,1.605554932211153
2025-06-27,1.0037230382030065,1.613846704134658
2025-06-30,1.0026003427819161,1.6120415664262344
2025-07-01,1.0073577784511945,1.619690859690184
2025-07-02,1.0157580898427265,1.6331973892176919
2025-07-03,1.0077718977767032,1.6203567058281656
2025-07-07,1.0077718977767032,1.6191967137197696
2025-07-08,1.0077718977767032,1.629012451627592
2025-07-09,1.0105394460057169,1.6334860537745552
2025-07-10,1.0105394460057169,1.628099596002986
2025-07-11,1.0119616931770266,1.6303910058575726
2025-07-14,1.0119616931770266,1.6239406928317845
2025-07-15,1.0151935521444928,1.629127003070747
2025-07-16,1.020648966168742,1.6378815526648227
2025-07-17,1.020648966168742,1.637733346972848
2025-07-18,1.020648966168742,1.6400247568274344
2025-07-21,1.020648966168742,1.6410703244898412
2025-07-22,1.028622160509637,1.6538901803442487
2025-07-23,1.0293403688204346,1.655044965568865
2025-07-24,1.0334313048425883,1.661622656751509
2025-07-25,1.0336140755487562,1.6619165281921515
2025-07-28,1.030555154239995,1.6569981819720982
2025-07-29,1.029267544883059,1.6549278741824036
2025-07-30,1.025464587251004,1.6488132146646612
2025-07-31,1.0090652210411786,1.622445174212508
2025-08-01,1.0239359164441004,1.6463553115262881
2025-08-04,1.018961772973213,1.6383575380405913
2025-08-05,1.026381758141247,1.650287905748819
2025-08-06,1.026381758141247,1.6489718341241957
2025-08-07,1.0343872436941293,1.6618333450488414
2025-08-08,1.0343872436941293,1.6576719019343324
2025-08-11,1.0461228178080155,1.676478912152461
2025-08-12,1.0495018770302191,1.6818940712834018
2025-08-13,1.0498199713950862,1.682403837905156
2025-08-14,1.0467785011101853,1.677529686698648
2025-08-15,1.0466730243788356,1.6773606534715542
2025-08-18,1.0405415058704035,1.6675345017961727
2025-08-19,1.038011253011451,1.6634796093034006
2025-08-20,1.0338548675249277,1.656818734977446
2025-08-21,1.0495554474813031,1.6819799213671853
2025-08-22,1.0450776392882777,1.6748039465385316
2025-08-25,1.049397985223458,1.6817275779996157
2025-08-26,1.0519070793391572,1.685748562249237
2025-08-27,1.0552276548440533,1.6910699974721424
2025-08-28,1.0484761138366876,1.6802502199749858
2025-08-29,1.0412182686695974,1.668619057588346
2025-09-02,1.0465285585026147,1.6771291376391042
2025-09-03,1.055263394893519,1.69112727319372
2025-09-04,1.0519233248161872,1.6857745966681363
2025-09-05,1.0541386531594492,1.6893248024257685
2025-09-08,1.0513049664880714,1.6938659670647032
2025-09-09,1.0481684297190361,1.6989195652658644
2025-09-10,1.0392737873163205,1.713336410474671
2025-09-11,1.0397755084961846,1.7125092779366826
2025-09-12,1.0348816810961716,1.7205694070305715
2025-09-15,1.0362145366097444,1.718353433492209
2025-09-16,1.037219838960621,1.7166863417025313
2025-09-17,1.0421872083905832,1.7249077571964266
2025-09-18,1.0370956873357746,1.7333346541038743
2025-09-19,1.0325220471562935,1.7409787404840444
2025-09-22,1.0382031478341722,1.7313995982952874
2025-09-23,1.0411585154398018,1.7264709653048402
2025-09-24,1.0411585154398018,1.7178229663325013
2025-09-25,1.0411585154398018,1.7279612770403372
2025-09-26,1.0384144961361181,1.7325153953901387
2025-09-29,1.03416649987333,1.739602853194537
2025-09-30,1.030650415643591,1.7455173651796723
2025-10-01,1.0312877231967845,1.7465967140880652
2025-10-02,1.0312201606476108,1.7467111385340541
2025-10-03,1.0274597214804952,1.7530806813626734
2025-10-06,1.0313757874129874,1.7463989795015997
2025-10-07,1.0253652762369185,1.7565764053363664
2025-10-08,1.0281907424486827,1.751736035375844
2025-10-09,1.0003147710404132,1.7042435404320768
2025-10-10,0.9847111892427081,1.730827476065342
2025-10-13,0.9862515992088963,1.7281198964998719
2025-10-14,0.9902222492908737,1.7350773092069418
2025-10-15,0.9964550914427741,1.724156060974663
2025-10-16,0.9912030600971737,1.7332435971363123
2025-10-17,0.9806246725692396,1.7517412422596244
2025-10-20,0.980592609622748,1.7517985179812015
2025-10-21,0.9858265611363002,1.7424482246844228
2025-10-22,0.980081761898066,1.7526021560435983
2025-10-23,0.9723367416448796,1.7664519589090737
2025-10-24,0.9603866736315031,1.7881617433358306
2025-10-27,0.9581893628379592,1.7922529570178956
2025-10-28,0.9582311190585173,1.7921748537611992
2025-10-29,0.9677222185665024,1.7744236979758716
2025-10-30,0.9651887975651616,1.7790690002904015
2025-10-31,0.9635279849172408,1.782130266961399
2025-11-03,0.9748367491579558,1.761213706829479
2025-11-04,0.9783983695177199,1.767648399203928
2025-11-05,0.9893350914509834,1.7478892912370974
2025-11-06,0.9905834758243459,1.7500948510079004
2025-11-07,0.975327481266817,1.7770480943980318
2025-11-10,0.975327481266817,1.7807360920800797
2025-11-11,0.9747134958526782,1.7818570960587103
2025-11-12,0.9908516858326221,1.752355146556974
2025-11-13,0.9913488214544138,1.7514759451811883
2025-11-14,0.9822658196781837,1.7354284563691622
2025-11-17,0.9741558041243091,1.7211000011874462
2025-11-18,0.9704989831956828,1.7275607279807939
2025-11-19,0.9704989831956828,1.700667300255547
2025-11-20,0.9800322290781456,1.717373015375633
2025-11-21,0.9648738579227326,1.7439359964766137
2025-11-24,0.9736172522900903,1.759739015745322
2025-11-25,0.9668927588063779,1.7718930254617484
2025-11-26,0.9617152674096162,1.7813811106829425
2025-11-28,0.9668347945121477,1.7718982323455283
2025-12-01,0.9644590539625442,1.7762522031627228
2025-12-02,0.9615851672648241,1.781545064023422
2025-12-03,0.9626239887217267,1.7834697060644495
2025-12-04,0.9607597309082411,1.7869236479707393
2025-12-05,0.9641005380885388,1.7807100576611818
2025-12-08,0.9649454362083917,1.779149516493241
2025-12-09,0.9584324820434805,1.791157987458165
2025-12-10,0.9604253994315523,1.7948824333266709
2025-12-11,0.9604253994315523,1.7757424365409689
2025-12-12,0.9588920197487172,1.7729073518214773
2025-12-15,0.9588920197487172,1.7686808861583043
2025-12-16,0.9477764054594904,1.7481780827911269
2025-12-17,0.9552963120336687,1.7620485861945558
2025-12-18,0.9468724523614728,1.7775864353819932
2025-12-19,0.9529669934548392,1.789027864003586
2025-12-22,0.9486306231537363,1.797168636297478
2025-12-23,0.9455746264857154,1.802958183071899
2025-12-24,0.945862424934993,1.8024094283203798
2025-12-26,0.945862424934993,1.7961153218079842
2025-12-29,0.9471636168031947,1.7936444649587446
2025-12-30,0.9401947029784543,1.7804474275232185
2025-12-31,0.941976096199196,1.7838208532266702
2026-01-02,0.9479615318180796,1.7951554772321954
2026-01-05,0.9538357770608766,1.806279539937554
2026-01-06,0.9571168990997276,1.800066076625162
2026-01-07,0.9571901647321007,1.8002038685495771
2026-01-08,0.9571901647321007,1.811861065355116
2026-01-09,0.9587002597291845,1.8147195175530335
2026-01-12,0.9587002597291845,1.8112005530980795
2026-01-13,0.9587002597291845,1.8015407677093194
2026-01-14,0.9611736356636266,1.8061886099671562
2026-01-15,0.9605562716229378,1.8050284908615946
